"","YEAR","Seas","FltSvy","Gender","Part","Ageerr","Lgin_lo","Lgin_hi","Nsamp","F0","F1","F2","F3","F4","F5","F6","F7","F8","F9","F10","M0","M1","M2","M3","M4","M5","M6","M7","M8","M9","M10"
"1","2000","BS_A","1","3","0","1","4.5","119.5","4025","0","0","0.000116682644018349","0.0131888969283459","0.13163513204741","0.189425265307987","0.109233684358587","0.0376860241644545","0.0109891896633776","0.00589351296124035","0.00183161192457977","0","0","4.65154487707889e-05","0.0143342490840407","0.141531808321585","0.209765727457905","0.0991597109620772","0.0252858480712497","0.00619262007579786","0.00276328947614362","0.000920231102429521"
"2","2000","BS_B","2","3","0","1","4.5","119.5","5918","0","0","0.000331544098754922","0.0321987760432009","0.197497175742508","0.18126746836611","0.050098597378772","0.0211908583512903","0.0121537925386905","0.00441425310615536","0.000847534374518281","0","0","0.00040295119649624","0.0490789573232187","0.168309013518917","0.216956444712906","0.0462459318057448","0.0135713297612938","0.0040254560805486","0.0011818423013498","0.000228073299525988"
"3","2001","BS_A","1","3","0","1","4.5","119.5","3148","0","0","6.11585037082221e-05","0.00655701597497875","0.0648766047770904","0.236704367978892","0.139953264683964","0.0348908291686473","0.0101784867942383","0.00481048167383006","0.00196779044465085","0","0","4.59335626834107e-06","0.00722415061641172","0.077759799601072","0.281410641064438","0.101831042956403","0.0233750145293547","0.00567853874086626","0.00217628355157986","0.000539935583606076"
"4","2001","BS_B","2","3","0","1","4.5","119.5","7413","0","0","0.000269550094093872","0.0285226931973158","0.110780574786485","0.235987721298681","0.0884609906153543","0.0219389004375228","0.00797798976878644","0.00512262667807653","0.000938953123683379","0","7.61295344113554e-06","0.00122221914856974","0.0279645887639429","0.129721239484217","0.255959950941038","0.0662497919529956","0.0127813072598672","0.00430415823259611","0.00158059174761658","0.000208539515716145"
"5","2002","BS_A","1","3","0","1","4.5","119.5","4233","0","0","0.000379100974342344","0.0321035779386088","0.0873813332730954","0.228282511125839","0.12491420377121","0.0195570369155907","0.00431301175769738","0.00217483024266321","0.000894394000953861","0","0","0.000270238164550438","0.0351597858309276","0.105093964713608","0.264608605570038","0.0797336655205488","0.0105671651298063","0.00302765516510746","0.000852060737485415","0.000686859167927133"
"6","2002","BS_B","2","3","0","1","4.5","119.5","7352","0","0","0.000314382204661833","0.0622723050072699","0.158070788792316","0.183264520145217","0.0681104609257445","0.0199372516151453","0.00510483491367268","0.00233087805724213","0.000594578338730602","0","2.71539310034137e-06","0.000470884113249223","0.0723828106927622","0.167577495188606","0.197109207477312","0.0494073284380351","0.00956634295525252","0.00266267263730124","0.000698679203505828","0.000121863900875424"
"7","2003","BS_A","1","3","0","1","4.5","119.5","5222","0","0","9.46952996150264e-05","0.020957583603445","0.125318198497958","0.191233144680299","0.115395548205297","0.0381825692330976","0.00603679704729276","0.00176787401115353","0.0010135894218423","0","0","7.12651089786831e-05","0.0232052145231199","0.132578570692447","0.230891059631423","0.0940426956149995","0.0163637629023078","0.00213044445071841","0.000444551276098343","0.000272435799906905"
"8","2003","BS_B","2","3","0","1","4.5","119.5","9234","0","1.4308340459191e-05","0.000102463713408415","0.0237667086831119","0.153846261543634","0.195545492085766","0.0824521019871397","0.0306626358576957","0.00987308047945202","0.00343098232120882","0.000305964988124944","0","2.07957694547747e-06","5.46701445960386e-05","0.0256341146556796","0.175463825188439","0.209154151370856","0.067333545190384","0.0171696946607248","0.00409507516580062","0.000965202283175797","0.000127641763398879"
"9","2004","BS_A","1","3","0","1","4.5","119.5","4192","0","0","1.69497894096495e-05","0.019244641340499","0.1186205235643","0.242012030853602","0.0851003038636247","0.0252304779925921","0.00590482146870685","0.00274615842188469","0.00112409270538078","0","0","3.94391754086611e-05","0.019324975034519","0.139369200258282","0.260375395881815","0.0644843768152829","0.0120141840843458","0.00228430619693735","0.00154120063827832","0.000566921915130684"
"10","2004","BS_B","2","3","0","1","4.5","119.5","7933","0","0","0.000392162945745545","0.0326246436659448","0.126837511574483","0.228217270998259","0.0658064403623466","0.0299238152124319","0.0115896491706138","0.00428251351307241","0.00032599255710284","0","0","0.000582963467656164","0.0369514404672935","0.155836730766261","0.235044051426899","0.0492857653255206","0.0174074294471652","0.00407270554229032","0.000788056625181761","3.08569317328876e-05"
"11","2005","BS_A","1","3","0","1","4.5","119.5","4395","0","0","0.00034934214386481","0.0144071532914972","0.0656964069584172","0.200960704987705","0.165299442219072","0.0374963788375692","0.00982008744717828","0.00461623353563862","0.00135425057905829","0","0","0.000155202582626609","0.0123235966211207","0.0761222274832905","0.266408099738439","0.121112062811574","0.0185682066352303","0.00408519067715108","0.00109081472499493","0.000134598725572899"
"12","2005","BS_B","2","3","0","1","4.5","119.5","7214","0","5.52685771083566e-06","0.000147368425468348","0.0274358261473775","0.105104910495391","0.184364098059674","0.102102073457812","0.0494685154952414","0.0204449684309643","0.00946757136576405","0.00145914126459653","0","0","0.000251964745047608","0.0283183527614068","0.126907937060188","0.214210921985003","0.0816540735859615","0.0341020214435169","0.0110307922132636","0.0033349653341805","0.000188970871431883"
"13","2006","BS_A","1","3","0","1","4.5","119.5","3895","0","0","3.09399805505652e-05","0.0111711242387699","0.0845860311038367","0.183743114289372","0.142505242436879","0.060028451774856","0.0109121776429517","0.00487291634058129","0.0021500021922023","0","0","7.57114165351311e-05","0.011370579043017","0.100574873935435","0.231718704554758","0.121423179007489","0.0283638928789349","0.00448812211087442","0.00158823046192228","0.000396706591034546"
"14","2006","BS_B","2","3","0","1","4.5","119.5","5167","0","1.14845443739681e-06","7.74648165559475e-05","0.0352006548885984","0.118670973870222","0.152182713245174","0.0889062662212263","0.0614703679439546","0.0287716148362396","0.0123459582293984","0.00237283749419338","0","0","0.000203944566350195","0.0373340447801252","0.148512251526737","0.181439772671447","0.0731713656867791","0.0402149532997009","0.0148367266586584","0.00384920505263946","0.000437735757562803"
"15","2007","BS_A","1","3","0","1","4.5","119.5","3130","0","0","0.00663440674178843","0.00749161621599884","0.0676126805843088","0.289853933748488","0.0471619652402539","0.0748675310630552","0.00479209612914812","0.000545450152785197","0.0010403201241737","0","0","0.00570291319794079","0.00653392035580591","0.0799402303780662","0.316631186987195","0.0434751075971861","0.0460082183563803","0.00114617257844651","0.000107769761221334","0.000454480787757868"
"16","2007","BS_B","2","3","0","1","4.5","119.5","3980","0","0","0.0142044145970948","0.0458786330867302","0.14049672635005","0.173102280197755","0.0360431347373953","0.07320464462342","0.00890875608232646","0.00668892384527975","0.00147248647994904","0","0","0.0172332735030668","0.044643374605481","0.171715617746847","0.173261343097366","0.0312009910743899","0.0553690505636777","0.00478014795033267","0.00131268291281229","0.000483518546026512"
"17","2008","BS_A","1","3","0","1","4.5","119.5","2861","0","2.17044902175692e-05","0.000644372690319791","0.0217743631399621","0.0646126548523785","0.105605296199545","0.262235862154159","0.00836757893310153","0.0254466393932399","0.00984833953224638","0.00144318861483008","0","0","0.00138520568156293","0.0242264100169832","0.0595698604116723","0.135650152690929","0.25681324530063","0.0059871917601525","0.0113005148716044","0.00432514836882525","0.000742270897639949"
"18","2008","BS_B","2","3","0","1","4.5","119.5","5544","0","0","0.0591493347911516","0.138879127626887","0.0855539125222367","0.133923020107887","0.0502191145715019","0.0064235156908819","0.0182084891674497","0.00454653271165547","0.00309695281034846","0","0","0.0509762718862811","0.142836131325126","0.0928892946485346","0.154591882084133","0.0387553943558905","0.00459162693628759","0.0124352091788749","0.00198926977644474","0.000934919808428163"
"19","2009","BS_A","1","3","0","1","4.5","119.5","2443","0","0","0","0.0274062279981017","0.062967406079389","0.115409729166414","0.12167605789207","0.155484741934966","0.00284336151758007","0.00905610571181716","0.00515636969966222","0","0","9.75162957787764e-05","0.0263131223682533","0.0559943498602019","0.145042170797987","0.139302462536512","0.126344674190125","0.00188951217905831","0.00385763005662594","0.00115856171545754"
"20","2009","BS_B","2","3","0","1","4.5","119.5","5019","0","0","0.000444755198161077","0.369722217717521","0.0538241470414739","0.0483245004700459","0.0157214623685939","0.00738316408987567","0.00224205512601195","0.000690118785071347","0.00164757920324504","0","0","0.000118522763870681","0.367957538362764","0.0596771817719437","0.051933306648626","0.0131810350550558","0.00462675255160068","0.00117780893613905","0.000301127181244966","0.0010267267287548"
"21","2010","BS_A","1","3","0","1","4.5","119.5","2659","0","0","0.000188985798062127","0.00730117317485465","0.222932375000609","0.119862522883395","0.0972840557887643","0.0232721354749354","0.0216693743512045","0.00598977477378279","0.00149960275439183","0","0","0.000232451768157512","0.0059324109224916","0.226253117582046","0.141781516101197","0.0929968400431566","0.0207053628994636","0.00932427200958049","0.00261256081161637","0.000161467862290932"
"22","2010","BS_B","2","3","0","1","4.5","119.5","3984","0","0","0.0111033096021986","0.110996383109641","0.298045845717866","0.0620667405473864","0.0094688255246054","0.00433038947362646","0.00274755072147794","0.000670201278624366","0.000570754024573837","0","0","0.0157870444994216","0.129765782368424","0.300261861392924","0.0463472823619571","0.00522579134450771","0.000969677033254936","0.00140317220791457","0.000106332701012503","0.000133056090583566"
"23","2011","BS_A","1","3","0","1","4.5","119.5","3184","0","0","6.36914922184711e-05","0.0457097890376077","0.0448387925540181","0.347773698967446","0.0398841330037362","0.0126354622082363","0.00430186546260056","0.00390726404483758","0.000885303229299032","0","0","0","0.0325058819692062","0.0438723498726342","0.386964939659802","0.0262226287581885","0.00772945563905879","0.00143544491867692","0.00110597814882749","0.00016332103360558"
"24","2011","BS_B","2","3","0","1","4.5","119.5","5532","0","0","0.00374655570162512","0.186290368979973","0.163345422032513","0.128695078235161","0.0081945033486972","0.00716851935646342","0.000442151538572626","0.00162995992856449","0.000487440878430906","0","0","0.0048716231013079","0.198639977574799","0.171898679721972","0.11347860180758","0.00440963792668582","0.00566313227193885","0.000202925208024918","0.00066060670672852","0.000174815680963351"
"25","2012","BS_A","1","3","0","1","4.5","119.5","3157","0","0","0.00943643833191764","0.00303331792424773","0.185973452304766","0.127764281890856","0.161480121907054","0.00742079587972415","0.00282816137619189","0.00101288276692421","0.0010505476183174","0","0","0.00736023308013355","0.00431869026799998","0.192266993446242","0.158829041412383","0.131510941010587","0.00354240634898894","0.00132603587461057","0.000419285393419963","0.000426373165634749"
"26","2012","BS_B","2","3","0","1","4.5","119.5","6175","0","0","0.0109365308652545","0.00735152723838174","0.335100405479864","0.0890304519574794","0.0501413584191073","0.00408530982993186","0.00226794303034076","0.000718217690059965","0.000368255489580366","0","0","0.0149877723039659","0.0185426797995522","0.349748621016149","0.0760177256413087","0.0372570459327631","0.0018036921968866","0.0012834699073754","0.000210086661198469","0.000148906540800335"
"27","2013","BS_A","1","3","0","1","4.5","119.5","4501","0","0","1.48744419724379e-05","0.0265730148519144","0.0174145969485344","0.397067988589949","0.0500604588419164","0.00737360928621011","0.000785979959979452","0.000109094664148452","0.000600382415375776","0","0","8.9973021645546e-05","0.0265423705362344","0.019647311661199","0.41853491077683","0.0319418261385239","0.00259677899455945","0.000398710959300131","3.38210049918594e-05","0.000214296906716005"
"28","2013","BS_B","2","3","0","1","4.5","119.5","6574","0","0","0.011293493071157","0.195033104079136","0.0386243157076182","0.225424739790979","0.0234636592787059","0.0047208142316626","0.000762949327653285","0.00054623338240909","0.000130691130678579","0","0","0.00902072230967095","0.204947351559116","0.0386087650756006","0.229803723878664","0.0150174841084352","0.00229406198427183","0.000253522693455689","5.16697460614927e-05","2.69864472417201e-06"
"29","2014","BS_A","1","3","0","1","4.5","119.5","4468","0","0","0.000365874516161103","0.0283974946399358","0.119462759788977","0.0531546570291901","0.288870120517026","0.00689390102601836","0.002299797842734","0.000333195874513831","0.000222198765444081","0","0","0.00018098617321582","0.0293358724440054","0.146805115335841","0.0606339433840677","0.259790356959304","0.00271230838713349","0.000490496491400097","3.25097750278406e-05","1.84110500049866e-05"
"30","2014","BS_B","2","3","0","1","4.5","119.5","7654","0","0","0.000602141255984793","0.175598443480676","0.198754591886402","0.0569696719161814","0.0632946799177692","0.00324551872316207","0.00114211228089977","0.000379723591696548","1.31169472281127e-05","0","0","0.000656625786156804","0.19037512699018","0.210350734766108","0.0510416611676894","0.0460422237438988","0.00113328346497305","0.000334141422901514","6.62026580928633e-05","0"
"31","2015","BS_A","1","3","0","1","4.5","119.5","4048","0","0","0.000274017341849224","0.0155132884749291","0.161400167923825","0.251877585361626","0.0337260924636202","0.0354023077264545","0.000886048185347714","0.000650504640151785","0.000269987882196346","0","0","0.0002815448636176","0.0140381802398757","0.173582281259951","0.273720180996104","0.0241383668033047","0.0139914445156437","7.21140694083583e-05","7.94701457549524e-05","9.64171063405932e-05"
"32","2015","BS_B","2","3","0","1","4.5","119.5","7137","0","0","0.000357153823972399","0.0336433056371818","0.289516487110556","0.155030465708848","0.0114234371274762","0.00841656903317786","0.00113129401611156","0.000464709365150693","1.65781775251931e-05","0","0","0.000765146550984481","0.0376218441198382","0.317579132256984","0.134641631765545","0.00662863683646941","0.00243474368293495","0.000228607859939335","0.000100256927304781","0"
"33","2016","BS_A","1","3","0","1","4.5","119.5","3819","0","0","0.000128925723304967","0.0260618328367994","0.0723985428505581","0.312640046181316","0.0773491144665083","0.00387617776568433","0.00714247686921571","0.000384442205653003","1.84411009606306e-05","0","0","0.000108376917648621","0.0262497726878314","0.0899731975156556","0.335481204163303","0.045466666869148","0.00120306484603431","0.00151771700037922","0","0"
"34","2016","BS_B","2","3","0","1","4.5","119.5","5670","0","0","3.00460748746532e-05","0.0564050646664951","0.124956739717011","0.26417193597252","0.0447282932923058","0.00625533198858885","0.00297223412854408","0.000375732951389845","0.000104621208270059","0","0","0.000178371654654123","0.0709079288430225","0.143738024836938","0.256311778126984","0.0261146872826797","0.00200597194510152","0.000688700807168806","3.14993579577579e-05","2.3037145493654e-05"
"35","2017","BS_A","1","3","0","1","4.5","119.5","3552","0","0","0.000144030551007802","0.00731284945480143","0.165246825110966","0.192859872962178","0.130404498768071","0.00308045202838289","2.229167358618e-05","0.000903892697355497","2.52867536505188e-05","0","2.24024742377052e-05","0.000522607617295833","0.00791302647393082","0.202302350559337","0.200214558599042","0.0885087168086775","0.000371673812150082","4.31520655390813e-06","0.000140348448774829","0"
"36","2017","BS_B","2","3","0","1","4.5","119.5","4754","0","0","0.000482859892343996","0.0141658775299982","0.267267848492172","0.169376735402585","0.0336829552185679","0.0137616232149966","0.000510641241819806","0.000702238583056915","4.92204244590872e-05","0","0","5.24801345848357e-06","0.0230565347446922","0.309686867130397","0.142481149680591","0.0186306835582346","0.00587074993629607","6.02996761859622e-05","0.000203682624128571","4.78463601610458e-06"
"37","2018","BS_A","1","3","0","1","4.5","119.5","2786","0","0","0","0.0170670095645686","0.0443180287696657","0.351819656762526","0.0760293671408045","0.0104628701517631","0.000271914709818333","0","3.11529008542903e-05","0","0","1.08534416813001e-05","0.0299337447344473","0.0713572291735688","0.355951890880595","0.0407481902496435","0.00188377943031475","0.000114312089748849","0","0"
"38","2018","BS_B","2","3","0","1","4.5","119.5","3588","0","0","0.000630616235841822","0.0340960565686496","0.141674541978393","0.281021715410843","0.034504435237861","0.00421860682060412","0.00323019563224376","0.000615837866608979","7.99424895455087e-06","0","0","0.000708345810861866","0.0446216882260854","0.192335565019833","0.246336451641305","0.0140162432037427","0.00127383870764643","0.000591434511443676","0.00011643287908219","0"
"39","2019","BS_A","1","3","0","1","4.5","119.5","2015","0","0","0.000126553631840656","0.0150557198437735","0.0890980651769097","0.283557409664286","0.0924761154296364","0.0169084226943536","0.00233168233239886","0.000382704238682811","6.33269881186588e-05","0","2.07807726126602e-05","0.000244301508599925","0.0190902999687629","0.139959184385184","0.292991575209922","0.0429905695426064","0.00407978230885065","0.000593381907290728","1.17268607167399e-05","1.83975354538619e-05"
"40","2019","BS_B","2","3","0","1","4.5","119.5","2576","0","0","0.00855398731399543","0.0284536957364864","0.150170191146691","0.23209221208131","0.0634563929217676","0.013280510582144","0.00332501642568009","0.000641419956603893","2.65738353213523e-05","0","0","0.00417790079182726","0.0479609837772933","0.197732788073517","0.216571336751048","0.0291966258308176","0.0035061978119163","0.000850745111704557","3.42185187587017e-06","0"
"41","2020","BS_A","1","3","0","1","4.5","119.5","1670","0","0","0.0081411756369295","0.042743437674779","0.0318889819056968","0.155488295521056","0.0496741524763978","0.1189040121781","0.0891837143898512","0.00204259916507712","0.00193363105211308","0","0","0.0024414684697123","0.0490829354861817","0.0419032085505531","0.194339262178411","0.0516124300292506","0.118991861731759","0.0407822750295317","0.0003622419963002","0.000484316528300824"
"42","2020","BS_B","2","3","0","1","4.5","119.5","1832","0","0","0","0.0558609561896975","0.0649317211419513","0.198582693334612","0.0757596514806884","0.0888387984314972","0.0106532392804143","0.00470325656955609","0.000669683571583787","0","0","0.00420326031169738","0.0764994369696702","0.0745822690585084","0.228481176369868","0.0619417818139503","0.0493908501678798","0.0034303140733174","0.00104781405031551","0.000423097184793418"
"43","2021","BS_A","1","3","0","1","4.5","119.5","1081","0","0","2.16045731567177e-05","0.0272873331175761","0.0443257486685737","0.13721390184374","0.144090063601013","0.0465324147640698","0.0939248189496307","0.00656417399427867","3.99404879616287e-05","0","0","0","0.0192295956004881","0.0709434311331417","0.203032587810575","0.115468151066088","0.0415498611319266","0.0482633327822821","0.00151304047549857","0"
"44","2021","BS_B","2","3","0","1","4.5","119.5","1807","0","0","0.00250922560920735","0.100565040447052","0.108626125644941","0.148185099424759","0.0692460880614253","0.0497192175735019","0.0131043502416854","0.00716429541030696","0.000880557587120893","0","0","0.00252922375095715","0.114286728115533","0.126926861298313","0.158842355215191","0.0661228500633401","0.0242639257913353","0.00399550223918401","0.00280963996659515","0.00022291355955105"
"45","2022","BS_A","1","3","0","1","4.5","119.5","1396","0","0","0.00267200299391124","0.038650391583341","0.206055970996033","0.0720512298324426","0.100957773652202","0.0549203182607515","0.00595911774835485","0.0184836560729118","0.000249538860052227","0","0","0.00312034431068509","0.0368786271317188","0.217851778886289","0.096655600624071","0.105817165102704","0.034260413890768","0.00150733998250932","0.00389014887630293","1.8581194952247e-05"
"46","2022","BS_B","2","3","0","1","4.5","119.5","2461","0","9.88134407806537e-06","0.00684298316555501","0.0443235987437936","0.2881656509877","0.058431146908419","0.0488757040420865","0.0375896620345391","0.00833786763582263","0.00674349564383521","0.000680009494170965","0","0","0.00392043042897763","0.057066428994742","0.296809302987927","0.0793473594789585","0.0455094725843979","0.0140535745870933","0.00170296546969709","0.00152296906843014","6.74963997768645e-05"
"47","2023","BS_A","1","3","0","1","4.5","119.5","1484","0","0","0.00256383034130049","0.0387433546659579","0.115977042870257","0.230622007709298","0.0393871999605131","0.012315438045529","0.0287477533392677","0.0309679013099317","0.0006754717579456","0","0","0.000989349473241178","0.0412208980812238","0.152945394518115","0.236031754833997","0.0343548879430848","0.00585761925140122","0.0160818048511509","0.0122578455269034","0.000260445520882683"
"48","2023","BS_B","2","3","0","1","4.5","119.5","2302","0","0","0.00649649836495445","0.109016112893648","0.174368026908183","0.159075795071351","0.0230856498469516","0.0187513641521212","0.00815905703692817","0.00103092580620257","1.65699196598146e-05","0","0","0.00431250418063005","0.112366761977566","0.194774714783042","0.148576696079774","0.0259834034118724","0.0114087737971774","0.00254232027303883","2.4001272798054e-05","1.08242241010395e-05"
"49","2024","BS_A","1","3","0","1","4.5","119.5","1923","0","0","0.00221814167245967","0.0571288548501819","0.16789472211473","0.164705741996388","0.0763074795867829","0.0158349090302288","0.0152996442168878","0.000581542990056823","2.89635422840998e-05","0","0","0.00270590746446672","0.055360435098715","0.212325399879755","0.164160707377171","0.0574610522017059","0.00511582721166687","0.0027888184770761","6.54177421069494e-05","1.64345473370136e-05"
"50","2024","BS_B","2","3","0","1","4.5","119.5","2590","0","1.50912307269074e-05","0.00551263569117623","0.13210877675195","0.19022378774214","0.123920156817957","0.0303518162374331","0.0115942471370411","0.00572564333248908","0.000462371629078705","8.54734300079538e-05","0","0","0.00483383616478843","0.144146813538763","0.21790932270574","0.108571915948207","0.0201180806778173","0.00374067479131201","0.000646372549756872","3.29836236153812e-05","0"
"51","2025","BS_A","1","3","0","1","4.5","119.5","1955","0","0","0.000694371375611117","0.0197776965745987","0.0899664319091342","0.193639709952888","0.123657427057611","0.0390401487061936","0.0201130927584631","0.0115622938819405","0.00154882778355985","0","0","0.000314053727619208","0.018352193459789","0.115064403012711","0.229668779229312","0.104943394749388","0.0214608785908768","0.00724976430002534","0.00283162140729232","0.000114911522985754"
"52","2025","BS_B","2","3","0","1","4.5","119.5","2618","0","0","0","0.0277111036844967","0.19995270051739","0.192030261842925","0.0469528080672092","0.021762320521985","0.00768031387517279","0.00323890150749404","0.0006715899833276","0","0","2.35822159491972e-05","0.0318927650277918","0.238276693977566","0.178992668480684","0.0354579496131921","0.0114859386386784","0.00309049655856295","0.000678893955053504","0.000101011532521922"
"53","2000","CGOA_A","1","3","0","1","4.5","119.5","1437","0","0","0.00704518105174132","0.0484477906501441","0.213562320464623","0.184468051306781","0.0402974364258298","0.00572425492773231","0.00039797949699581","5.69856761523087e-05","0","0","0","0.00942066761976614","0.055864893645795","0.256629179159072","0.15334047104901","0.0241335831543455","0.000611205372011564","0","0","0"
"54","2000","CGOA_B","2","3","0","1","4.5","119.5","209","0","0","0.0369604202064454","0.0746452786410519","0.24912261969176","0.11750884779943","0.0208477206542859","0.000875174107245565","3.99388997815958e-05","0","0","0","0","0.0228661757413948","0.118180878941243","0.248848880224928","0.101082643850289","0.0083652613021427","0.000609141775109649","4.70181648926649e-05","0","0"
"55","2001","CGOA_A","1","3","0","1","4.5","119.5","844","0","0","0.00361000713291357","0.0513965247000027","0.150986583278611","0.207431843894931","0.081362584733313","0.00484710229121295","0.000330141548409602","0","3.52124206055632e-05","0","0","0.00502678199048912","0.0560335560177554","0.195973486645378","0.206574388563047","0.0347676459776289","0.0015207521914891","0.000103388614213213","0","0"
"56","2001","CGOA_B","2","3","0","1","4.5","119.5","417","0","9.19169184315648e-05","0.0360273040550544","0.0763253309908673","0.183773787280141","0.158895041108573","0.0413756353533307","0.00329555711795181","0.000215427175650416","0","0","0","9.20779990607068e-05","0.034162978017115","0.0710943399160795","0.216994786590013","0.151216449914423","0.0253142546805403","0.00112511288276849","0","0","0"
"57","2002","CGOA_A","1","3","0","1","4.5","119.5","594","0","0","0.0116245457460577","0.0760027868368242","0.163878090620409","0.177627204917342","0.0633272798888366","0.00663477116119188","0.000905320829337788","0","0","0","0","0.0138507993313348","0.0862607037916509","0.206253178481053","0.161952971543527","0.0305406208958773","0.000953030969471442","0.0001886949870862","0","0"
"58","2002","CGOA_B","2","3","0","1","4.5","119.5","249","0","0","0.0277245379295625","0.153108707519738","0.15931858209644","0.116172067607759","0.0424203046769688","0.0012074830599699","4.83171095613499e-05","0","0","0","0","0.0387593666397826","0.148575740936033","0.197254998012714","0.099593063554433","0.0158117696116505","5.06124538619483e-06","0","0","0"
"59","2003","CGOA_A","1","3","0","1","4.5","119.5","546","0","0","0.00586069502176002","0.0510047023027408","0.233233784893237","0.139706662511604","0.0630684696099451","0.00669155111954624","0.000413297294187751","0","2.08372469797846e-05","0","0","0.00289513922813438","0.0553739604764348","0.254140981686712","0.150305046453023","0.0362243890274872","0.000967638849030503","7.79391362000472e-05","1.49051429775945e-05","0"
"60","2003","CGOA_B","2","3","0","1","4.5","119.5","225","0","0","0.0118391081118174","0.116302900271031","0.235396940969211","0.107322989526904","0.0270948507282535","0.00202564758513731","1.75628076449537e-05","0","0","0","0.00067740253717796","0.0160768561728269","0.13629510058092","0.217798506219039","0.112613188643494","0.015464837906071","0.00107410794047127","0","0","0"
"61","2004","CGOA_A","1","3","0","1","4.5","119.5","691","0","4.43791429158022e-05","0.0189452233446741","0.0972450361221845","0.217773687448336","0.125862740721473","0.0363886236343375","0.00360461031711488","0.000135699268964685","0","0","0","5.27214395870916e-05","0.0143503627430239","0.0907206821287171","0.272741540562233","0.107627432320851","0.0143717487478173","0.000135512057770804","0","0","0"
"62","2004","CGOA_B","2","3","0","1","4.5","119.5","386","0","0","0.00726028831819082","0.123992761113462","0.209322263068046","0.137687185654866","0.0202858018178579","0.00138555954174065","6.61404858373907e-05","0","0","0","0","0.00363198581491834","0.151252722826642","0.244761081721587","0.0914916441005167","0.0087942494359963","6.83161003397147e-05","0","0","0"
"63","2005","CGOA_A","1","3","0","1","4.5","119.5","784","0","3.30738894395015e-05","0.000669194282201889","0.016544726587051","0.132515647158153","0.240378793117713","0.089095525606617","0.0172874281171035","0.00344939965989616","0","2.6211581825302e-05","0","0","0.00148219696112233","0.0147953898959641","0.145839704845692","0.265356921909532","0.0648854252605249","0.00720984584868133","0.000343147009948719","0","8.73682685349433e-05"
"64","2005","CGOA_B","2","3","0","1","4.5","119.5","560","0","0","0.000515642650618215","0.0349759409440186","0.111418190735935","0.254544011876447","0.0851179901570929","0.0110635015109804","0.00222647694159392","0.000138245183314608","0","0","0","0.000746572692679564","0.0369266954034201","0.160067353193897","0.259471862876944","0.0400595482778026","0.0022530764076431","0.000471910440084809","2.98070752919525e-06","0"
"65","2006","CGOA_A","1","3","0","1","4.5","119.5","704","0","0","0.00424210327188916","0.0542652846041023","0.191612791166207","0.195283594159318","0.0460264666770962","0.00645852239896624","0.00211123772242106","0","0","0","0","0.00475199086618153","0.0559594249942003","0.254271155524107","0.165014946322135","0.0186325713638229","0.00134728828999104","2.26226395622204e-05","0","0"
"66","2006","CGOA_B","2","3","0","1","4.5","119.5","347","0","0","0.0120402267521446","0.159047384574659","0.204618087106222","0.105998839073728","0.0161429226683997","0.00151491688985392","0.000634991127849057","2.63180714420073e-06","0","0","0","0.00883946300678058","0.207255363228557","0.216824296174726","0.06303923232024","0.0034352530910153","0.000300729854850691","0.000305662323830625","0","0"
"67","2007","CGOA_A","1","3","0","1","4.5","119.5","593","0","0.00648196025648046","0.0224614250899729","0.125363478588398","0.178037620054569","0.132566864643308","0.0301794414160654","0.00334090194032954","0.00156830801087752","0","0","0","0.00414012810501964","0.0285793999438927","0.142708242128549","0.225688086730155","0.0910060021292343","0.00749374955388556","0.000384391409264169","0","0","0"
"68","2007","CGOA_B","2","3","0","1","4.5","119.5","554","0","0.00828679605161026","0.0549767283935843","0.192107780731168","0.137136886354855","0.0921334744378953","0.0144517983125699","0.000717285255828034","0.000142933440684758","2.26813600091468e-05","2.36356617957635e-05","0","0.00821226854832676","0.0684608018920747","0.167424729765002","0.172221649323022","0.0784133967770183","0.00519569966565143","4.68316590918831e-05","1.59362063344861e-06","2.30287491797503e-05","0"
"69","2008","CGOA_A","1","3","0","1","4.5","119.5","704","0","0.000358516873667247","0.053390202037974","0.0988590952005246","0.183476373889819","0.124913892150627","0.0352200328423185","0.0033301089527141","0.000433097383653484","5.98546121098882e-07","1.80821225805999e-05","0","0","0.0766113492964519","0.108113361237783","0.209088903648736","0.0936501131435497","0.0117667984911461","0.000759558446690957","1.33591453113159e-06","6.67957265565796e-07","7.91186384591341e-06"
"70","2008","CGOA_B","2","3","0","1","4.5","119.5","597","0","0.00129639553130744","0.114548271973073","0.184451373195385","0.12652574018387","0.0652636647860269","0.00764568494324334","0.000254744100143339","1.37585559185778e-05","3.66731031994632e-07","0","0","0.00220814293842915","0.0997696691342615","0.232909100312117","0.120779766553713","0.0407849420514949","0.00352454526951345","2.33341340458046e-05","4.99606425369257e-07","0","0"
"71","2009","CGOA_A","1","3","0","1","4.5","119.5","469","0","0","0.0157707505922686","0.234135550316466","0.159736511574808","0.0769337029155661","0.0132851399720037","0.000104688648111779","3.36559807760203e-05","0","0","0","0","0.00785613797372218","0.245919645586088","0.183777767571243","0.0557421059529815","0.00670434291596611","0","0","0","0"
"72","2009","CGOA_B","2","3","0","1","4.5","119.5","469","0","0.029040020709751","0.0225069571487827","0.141923499946331","0.223989406090541","0.0756186218740843","0.00662669956676134","0.000221943722794494","6.8742234185591e-05","4.10870676881352e-06","0","0","0.019593360811727","0.0259890073499777","0.199756090705352","0.204412422310497","0.0479765288242245","0.00219170152501901","8.08884732034674e-05","0","0","0"
"73","2010","CGOA_A","1","3","0","1","4.5","119.5","498","0","0","0.0171116499754937","0.12299387846566","0.252686120021616","0.0945804955218268","0.0112439041780727","0.00132819095156527","5.57608857659519e-05","0","0","0","0","0.0154739347132983","0.136006296683871","0.273417318796805","0.0707148823051313","0.00412565697211127","0.000261910528783925","0","0","0"
"74","2010","CGOA_B","2","3","0","1","4.5","119.5","510","0","0.000951478876375746","0.0222709263533631","0.176705162172808","0.238347023064842","0.0560172466550006","0.00570083890134527","4.67038744638184e-06","2.65358881883279e-06","0","0","0","0.000289694654009677","0.0212146270882206","0.187485559160975","0.244276830456394","0.0452997734831921","0.001433418691526","9.64656829080607e-08","0","0","0"
"75","2011","CGOA_A","1","3","0","1","4.5","119.5","569","0","0","0.00546361725480263","0.0442596490064906","0.239961531370115","0.183499343798682","0.0258883652866901","0.000813415510403657","9.15856308897101e-05","0","2.24921419259502e-05","0","0","0.00435913192753372","0.0421464758085673","0.306453781206964","0.13748268672416","0.00922711822980311","0.000330806102971567","0","0","0"
"76","2011","CGOA_B","2","3","0","1","4.5","119.5","603","0","0","0.0115960708541644","0.133861463126684","0.265179494856123","0.0788574278652462","0.00856476813892446","0.00174417033257382","0.0001624747475933","3.4130078691001e-05","0","0","0","0.0113266146507497","0.123533712295266","0.303785203256567","0.0595295405460557","0.00182492925136176","0","0","0","0"
"77","2012","CGOA_A","1","3","0","1","4.5","119.5","660","0","0","0.00121726078428849","0.0321244858443983","0.187754120544675","0.237271830556849","0.0359876301228884","0.00189012074940197","0.000557349811552561","0.00319720158594671","0","0","0","0.00208083542111818","0.0309407874301877","0.220767557734853","0.230769289218589","0.0151240008122467","0.000174127774247032","0","0.000143401608759079","0"
"78","2012","CGOA_B","2","3","0","1","4.5","119.5","435","0","9.90984242419493e-05","0.0151810837291206","0.101320711504349","0.26033334750719","0.11133757604684","0.00996153730148171","0.0015928030073299","0.000116262896493594","5.75795829526113e-05","0","0","0.000100803144218136","0.0171174014340422","0.101000683073861","0.293093566346254","0.0759035954760519","0.0126812019317346","0.000102748593838691","0","0","0"
"79","2013","CGOA_A","1","3","0","1","4.5","119.5","426","0","0","0.00330244793111934","0.0385379846254673","0.0703338203919616","0.249115923752657","0.112196262812636","0.0236889289337536","0.00119946866244876","0","0.00162516288995626","0","0","0.00314836211750293","0.0375418275897422","0.111861102078149","0.269043307678706","0.0716468782773237","0.0067585222585761","0","0","0"
"80","2013","CGOA_B","2","3","0","1","4.5","119.5","257","0","0.0109979351036041","0.246133338727802","0.096924921571577","0.0595762832721193","0.0730741212747472","0.0122570381681478","0.000788784511565133","4.96764614617859e-05","0.0001979009089756","0","0","0.00568436494015842","0.281554986362248","0.0719076413808881","0.0591843121377476","0.0764268232676976","0.00501356410025871","0.000130248407092718","9.80594039085412e-05","0","0"
"81","2014","CGOA_A","1","3","0","1","4.5","119.5","334","0","0","0.0561166538508752","0.174121926891408","0.144087408930389","0.0754699693200736","0.0492750975084108","0.000724038133749424","0.000204905365094192","0","0","0","0","0.015753725634467","0.170967524843455","0.192265124229516","0.0849538111300147","0.0360532362453288","0","6.57791721785954e-06","0","0"
"82","2014","CGOA_B","2","3","0","1","4.5","119.5","329","0","0.00300404647853854","0.17480016682035","0.21320338055652","0.0680939836198851","0.0328276144412895","0.00735926499323987","0.000670689825921675","4.08532642553755e-05","0","0","0","0.00415792106459545","0.178818950367415","0.208070022637933","0.0778640731432138","0.0275961257523331","0.00349290703450965","0","0","0","0"
"83","2015","CGOA_A","1","3","0","1","4.5","119.5","577","0","0.000677974455585726","0.0129949839509746","0.141962899234802","0.223187385943982","0.0973045634427853","0.021235401187525","0.0011398575388101","0.00140765215385168","0","8.92820916843657e-05","0","0.000648888829352496","0.0128004369530648","0.135207462630395","0.248645022529885","0.0918000078469119","0.00994623176376149","0.000509782579741835","0.000375830966378593","0","6.63359005089338e-05"
"84","2015","CGOA_B","2","3","0","1","4.5","119.5","350","0","0","0.0678908258553749","0.335978013657739","0.0511236046407221","0.0312262159666606","0.0107833551466572","0.00268898171439501","0.000309003018451181","0","0","0","0","0.0864450194070934","0.339110979708193","0.0474745650142481","0.0239536458559631","0.00301579001450276","0","0","0","0"
"85","2016","CGOA_A","1","3","0","1","4.5","119.5","331","0","0","0.000344320829173988","0.0277261823298772","0.373344402737276","0.0807794703404012","0.0154531670333978","0.00138103166043567","0.000650053515831767","0.000321371553606603","0","0","0","6.82729049933775e-05","0.0554943499704534","0.376124180162015","0.0619735879472631","0.00629425593397637","4.53530812990516e-05","0","0","0"
"86","2016","CGOA_B","2","3","0","1","4.5","119.5","142","0","0","0.000668075054547522","0.186512971933091","0.201396138496208","0.0734463373161327","0.0323722666511854","0.0023424316532348","0.00325618489566289","5.59399993748422e-06","0","0","0","0.00148675774026209","0.227442911140643","0.20225114583216","0.058762289509708","0.00899807478986263","0.00105882098736367","0","0","0"
"87","2017","CGOA_A","1","3","0","1","4.5","119.5","235","0","0","0","0.00694376961991771","0.114806714494878","0.364516090570381","0.0123881755807895","0.00117614056726159","0.000169109166771773","0","0","0","0","0.000876902531377736","0.0194738464012248","0.150146528716717","0.323954287711027","0.00554843463965338","0","0","0","0"
"88","2017","CGOA_B","2","3","0","1","4.5","119.5","65","0","0","1.17513173899727e-06","0.0123893962972456","0.319934933879589","0.148016330660085","0.0136869422396557","0.00420595894171986","0.00176526284996562","0","0","0","0","1.28090840250187e-06","0.050400925338201","0.394866821694799","0.0453433105779335","0.00837319936184677","0.00101446211881693","0","0","0"
"89","2018","CGOA_A","1","3","0","1","4.5","119.5","46","0","0","0","0.0473659003183968","0.205812274877871","0.209811448492721","0.0346878530523911","0.00232252325862026","0","0","0","0","0","0","0.0339255875945453","0.295466190190856","0.167413210254328","0.00319501196027081","0","0","0","0"
"90","2018","CGOA_B","2","3","0","1","4.5","119.5","35","0","0","0.0209778922581756","0.275962138939069","0.160996923479723","0.0372725749357204","0.00479047022408616","1.16321898392825e-10","4.69039912874294e-11","0","0","0","0","0.00552994782419145","0.31706131872385","0.141180284046721","0.0352547573495315","0.00097369182573032","0","2.29976429856716e-10","0","0"
"91","2019","CGOA_A","1","3","0","1","4.5","119.5","60","0","0","0.0785947380221109","0.177835465828293","0.140855895213614","0.094109598113509","0.00860430282247236","0","0","0","0","0","0.00339703803437969","0.0534246102738267","0.215681985668961","0.184133563926985","0.0433628020958474","0","0","0","0","0"
"92","2019","CGOA_B","2","3","0","1","4.5","119.5","20","0","0","0.184861805668526","0.241212086097611","0.0692094274800753","0.00404293821318371","0.000673742540603426","0","0","0","0","0","0","0.152455702721932","0.319582324705439","0.0272913772154438","0.000670595357186111","0","0","0","0","0"
"93","2020","CGOA_A","1","3","0","1","4.5","119.5","46","0","0","0.128722975624595","0.281363815401823","0.0475560094362213","0.0344587197694228","0.0059659898130572","0.0019324899548805","0","0","0","0","0","0.063059642629454","0.370438344992522","0.0440214322921218","0.0199180546005733","0.00256252548532937","0","0","0","0"
"94","2020","CGOA_B","2","3","0","1","4.5","119.5","360","0","0.0010787119667194","0.0811678031117084","0.207766957862561","0.147879171101096","0.0586130057733457","0.00323334039632966","0.000256982050035766","4.0277382043619e-06","0","0","0","0.00455953367500994","0.0921790615223399","0.266628504561892","0.103657627894458","0.0320594985235946","0.000895934312524207","1.98395101820359e-05","0","0","0"
"95","2021","CGOA_A","1","3","0","1","4.5","119.5","121","0","0","0.00390638717435593","0.0739341158682826","0.357700406111257","0.0623583855170116","0.0021007053290932","0","0","0","0","0","0","0.00201970765084733","0.0577697381961924","0.409277156608965","0.0304046746843321","0.00052872285966274","0","0","0","0"
"96","2021","CGOA_B","2","3","0","1","4.5","119.5","317","0","0.0283631719865562","0.0320355612672318","0.165018377547651","0.194107981423074","0.069490484256409","0.0109820428577207","2.38066135734371e-06","0","0","0","0","0.0340861750930247","0.0315065841344427","0.16031858809975","0.223020474586085","0.0502845952285201","0.000783312696408227","2.70161769725697e-07","0","0","0"
"97","2022","CGOA_A","1","3","0","1","4.5","119.5","87","0","0","0.00915005454373463","0.0106316318177581","0.13120612535548","0.210840520512667","0.0457223897164309","0.0833563185210749","0","0.00909295953285446","0","0","0","0.00219278861454816","0.00683195504688916","0.130165978875919","0.207390759996583","0.0307371364188858","0.107716144142921","0","0.0149652369042548","0"
"98","2022","CGOA_B","2","3","0","1","4.5","119.5","339","0","0.0210535414159958","0.127938914712984","0.0548788210554826","0.144356972420712","0.131161281478653","0.0204542025545441","0.000156266361629498","0","0","0","0","0.034505672733965","0.0955874965717187","0.0664264942770084","0.179597416599906","0.116020915012296","0.00786200480510594","0","0","0","0"
"99","2023","CGOA_A","1","3","0","1","4.5","119.5","93","0","0","0.0105243332806546","0.0616048756097967","0.124722960473358","0.210264019202506","0.0852387711767732","0.00764504025691189","0","0","0","0","0","0.00119683555129041","0.050363920022997","0.24395252968134","0.170239249368394","0.0339376082899878","0.00030985708599033","0","0","0"
"100","2023","CGOA_B","2","3","0","1","4.5","119.5","315","0","0.0165773415987138","0.0351768792566214","0.185835955741108","0.146138235530659","0.102329070525661","0.0132785244905521","0.000663992856684779","0","0","0","0","0.0101154514394278","0.032895965616111","0.161430202085645","0.209848497193736","0.0852177243456191","0.000492159319461448","0","0","0","0"
"101","2024","CGOA_A","1","3","0","1","4.5","119.5","56","0","0","0.00275174319838197","0.0202541498008285","0.263248038579318","0.12323181813756","0.0830576827784185","0.00723888974963594","0.000217677755856961","0","0","0","0","0","0.0209098776700213","0.248679598122361","0.157122223194113","0.073288301013505","0","0","0","0"
"102","2024","CGOA_B","2","3","0","1","4.5","119.5","375","0","0","0.0551654580653679","0.125865946252072","0.192145854626542","0.0481649038796739","0.0726991358916619","0.00567778058012939","1.12602086245803e-06","0.000279794683690387","0","0","0","0.0658365578702195","0.122321958010446","0.193660683200618","0.0378219279969563","0.0803588729217603","0","0","0","0"
"103","2025","CGOA_A","1","3","0","1","4.5","119.5","50","0","0","0.000560200502242009","0.0310809258254599","0.100446855452496","0.207914254128809","0.159924762797459","7.30012935330931e-05","0","0","0","0","0","2.65543868044675e-05","0.0296153643451765","0.125913132995385","0.283378736350265","0.0610662119223697","0","0","0","0"
"104","2025","CGOA_B","2","3","0","1","4.5","119.5","337","0","0","0.0121032864688504","0.109431802848422","0.205029078258078","0.135889913193924","0.0347952442009387","0.00275067502978722","0","0","0","0","0.000462060980156991","0.00583470637132192","0.156220611703646","0.185477345654773","0.125367282765373","0.0266379925247295","0","0","0","0"
"105","2000","WGOA_A","1","3","0","1","4.5","119.5","522","0","0","0.000194918822486179","0.0142336726359945","0.136461299824605","0.152327118170735","0.165091608519998","0.0201632163764545","0.00927263538306788","0","0.00225553026665891","0","0","0.000428100821644917","0.016419887732936","0.169422159864959","0.167832851250522","0.128307461035389","0.0115587919683022","0.00504362593946185","0","0.000987121386785359"
"106","2000","WGOA_B","2","3","0","1","4.5","119.5","4","0","0","0","0.054321170987378","0.244364568070487","0.158556849087648","0.0427574118544872","0","0","0","0","0","0","0","0.0264856210108257","0.327413226047186","0.123360430006662","0.0227407229353262","0","0","0","0"
"107","2001","WGOA_A","1","3","0","1","4.5","119.5","361","0","0","0","0.0174092905267212","0.120756646681267","0.228987006360223","0.110737285273267","0.012955549542758","0.00627167760923601","0","0.0028825440065287","0","0","0","0.0211683528243276","0.167000098939747","0.221715061548998","0.0816757435392969","0.00598141303061423","0.00182922417805922","0","0.000630105938956744"
"108","2001","WGOA_B","2","3","0","1","4.5","119.5","430","0","0","0","0.0237370545410438","0.148048237521349","0.217743366152181","0.105865297243746","0.00238359152506041","0.00139894305853698","0","0.000823509958081975","0","0","0","0.0169132326670617","0.224823094629989","0.197304808206129","0.0591709778882866","0.00111287696659716","0.000539151826298492","0","0.000135857815638017"
"109","2002","WGOA_A","1","3","0","1","4.5","119.5","511","0","0","0.000229553092464143","0.0293624132042282","0.121590572403383","0.185655191683024","0.146754633052301","0.00889944023294303","0.0053954884635316","0","0.00211270786812453","0","0","8.42228516732296e-05","0.0204288908018791","0.123147498911382","0.228695667891519","0.120694775636288","0.00459599967252943","0.0021352384645567","0","0.000217705770172235"
"110","2002","WGOA_B","2","3","0","1","4.5","119.5","343","0","0","0.00777711316207148","0.0821727029880312","0.221884078326754","0.135667864482177","0.051866286290495","0.000354256357366837","0.000200774798705264","3.64790862194353e-06","7.32756857775442e-05","0","0","0.00728589218632285","0.0771667807268085","0.237866380657313","0.147120750198889","0.030296724527507","0.000193128719882571","5.19271763184104e-05","0","1.8415806958782e-05"
"111","2003","WGOA_A","1","3","0","1","4.5","119.5","321","0","0","0.000146688134356381","0.00989932679749876","0.0951105399210233","0.173656228028189","0.189896999053395","0.0173158558859414","0.0108843849999997","0","0.00308997717959685","0","0","0.000208949904565409","0.00931846544626477","0.101778751575677","0.218884909133697","0.163786707726948","0.0024681265594985","0.00282276139629678","0","0.000731328257051561"
"112","2003","WGOA_B","2","3","0","1","4.5","119.5","473","0","0","2.57025004342422e-05","0.0243922588562316","0.192306249045693","0.154932123002023","0.108772828887313","0.00839107429570619","0.00804935689933789","0.000387293493235987","0.00274311302002437","0","0","0","0.028644508099048","0.224858490035059","0.156669061582351","0.082400675917089","0.00618223532576899","0.00120803651738199","0","3.69925233025801e-05"
"113","2004","WGOA_A","1","3","0","1","4.5","119.5","325","0","0","0","0.00805927120275026","0.197753673784313","0.190126525987084","0.0822260426387183","0.00958098604751052","0.00869076328476515","0","0.00356273705485845","0","0","0","0.0131532871869515","0.226551082930408","0.180900610929731","0.0728877491208739","0.00417808994875194","0.00211646974617008","0","0.000212710137114163"
"114","2004","WGOA_B","2","3","0","1","4.5","119.5","353","0","0","0","0.0316510773319622","0.22794550051746","0.133954491913025","0.0847089148212137","0.00798188543235994","0.0118748956908542","0.00124117816104521","0.000642056132079929","0","0","0","0.0376365322088897","0.266873161990347","0.124418116295179","0.0683356694003144","0.00166506026948785","0.00101192493729664","3.94514055486837e-05","2.00834929363511e-05"
"115","2005","WGOA_A","1","3","0","1","4.5","119.5","262","0","0","0","0.00104161388589506","0.0555982952683167","0.165212051112832","0.181494585338964","0.0328605875667743","0.0289544410373659","0","0.0348384257898517","0","0","0","0.000119341725702293","0.0636454512206167","0.207183092837634","0.190309192698529","0.0199131954568058","0.0121252551451003","0","0.00670447091561235"
"116","2005","WGOA_B","2","3","0","1","4.5","119.5","343","0","0","8.81593621335381e-05","0.000872744722154462","0.118832384462429","0.163889014618552","0.158571121133773","0.0148191097452001","0.0286733668973087","0.00285378198603464","0.011400317072414","0","0","0","0.0021014967068667","0.15268669320771","0.215313233268341","0.111668123831111","0.0131735111804026","0.00301648863317606","0.000322831590320444","0.00171762158207215"
"117","2006","WGOA_A","1","3","0","1","4.5","119.5","371","0","0","0","0.0084380765015155","0.106200270846072","0.177309502884083","0.145396321157263","0.022776088244356","0.0274892706335427","0","0.0123904697331676","0","0","0","0.0107180496697789","0.152818563072539","0.183931804340258","0.116194340174534","0.0179283612705078","0.0156669583581768","0","0.0027419231142053"
"118","2006","WGOA_B","2","3","0","1","4.5","119.5","452","0","0","9.92276485137452e-05","0.019971232167427","0.217308475318569","0.163303952703335","0.0940192916782038","0.00394869516212307","0.000547591991385648","9.17262941023534e-05","0.000709807036340513","0","0","0.00018916189397043","0.0177336182393121","0.1945296271337","0.184634169511219","0.0999688422659945","0.00282064760831557","1.18814240234416e-05","0","0.000112051923464492"
"119","2007","WGOA_A","1","3","0","1","4.5","119.5","333","0","0","0.000321944361476234","0.00648844197114212","0.10776129343405","0.167373982944375","0.145154045110512","0.0235345784816437","0.0318274354174286","0","0.0175382782793726","0","0","7.88674069626461e-05","0.00445776844912182","0.120079573930187","0.19651393355761","0.143376307124064","0.0145740260849498","0.0181791844260761","0","0.0027403390210286"
"120","2007","WGOA_B","2","3","0","1","4.5","119.5","268","0","0","0","0.0246858091158967","0.181218829820657","0.176729040743161","0.102714692606744","0.00374196001323823","0.00697397922176207","0.000172008618828179","0.00376367985971272","0","0","0.000126311278440591","0.024431104021519","0.175895444516885","0.187782646014704","0.099957508075655","0.00511047222803023","0.00413730403422639","9.55895580449071e-05","0.00246362027249528"
"121","2008","WGOA_A","1","3","0","1","4.5","119.5","354","0","0","0.000241126426808921","0.0463101566754048","0.131235862392945","0.122459134287158","0.179536179484132","0.00910722872496442","0.00576729754221957","0","0.00534301446636831","0","0","0","0.084167271363843","0.226144421053393","0.109826039317013","0.0734743050665108","0.00273498575114532","0.00214462636589313","0","0.001508351082201"
"122","2008","WGOA_B","2","3","0","1","4.5","119.5","277","0","0","3.24848384663933e-05","0.0429003467271306","0.203211485934174","0.142462726378509","0.104324122449046","0.00292401606977258","0.00331683280665507","0.0001947149146282","0.000633269881617947","0","0","6.43350017238696e-05","0.0410476301152851","0.231736463072807","0.1663955690415","0.0578009458752231","0.00282327174657345","0.000103168081954078","2.28962165237847e-05","5.72084840958696e-06"
"123","2009","WGOA_A","1","3","0","1","4.5","119.5","391","0","0","5.61427313051925e-05","0.0169429644534406","0.150310672275729","0.202660271916566","0.104099834141157","0.0126422750684258","0.00478220332851159","0","0.00850563608486511","0","0","0","0.0220098881484405","0.183832613447637","0.211880679907966","0.076040963254741","0.00220163256173909","0.00328647452894543","0","0.000747748150530295"
"124","2009","WGOA_B","2","3","0","1","4.5","119.5","272","0","0","0.000872562650691785","0.0907773319960324","0.190693922587955","0.165561749370183","0.0433970666557932","0.000118225171980344","0.00674312413156461","0.000743216368347205","0.00109280106745262","0","0","0","0.0853656624227173","0.213736338839215","0.168251874452668","0.0320261024548338","0.000121468818588012","0.0004985530119775","0","0"
"125","2010","WGOA_A","1","3","0","1","4.5","119.5","243","0","0","9.66620644964675e-05","0.00705232895624096","0.147129187074283","0.226978268972059","0.105993851345536","0.00831876068247193","0.0028655339467567","0","0.00156540695815685","0","0","0","0.01001822816483","0.193490915060055","0.227208909659918","0.066811161108038","0.00185777260536489","0.000494304017425961","0","0.000118709384368461"
"126","2010","WGOA_B","2","3","0","1","4.5","119.5","528","0","0","3.60721384124407e-05","0.0537600441004041","0.301953691084131","0.114399528009","0.024565638501137","0.00201763029665369","0.00186253210964001","0.00104535960158892","0.000359504159033243","0","0","0.000147808086273018","0.0584379731507565","0.334428939901385","0.0928416389566974","0.0139373759803108","0.000201322689668993","4.83937934756566e-06","0","1.01855560348323e-07"
"127","2011","WGOA_A","1","3","0","1","4.5","119.5","428","0","0","0.000179014477102678","0.0451615446284054","0.196228905947022","0.200455535098369","0.0519687924454718","0.003764726138881","0.00117290257517187","0","0.00106857868957592","0","0","0","0.0342485695027979","0.210561127675837","0.216840675487925","0.0378859364350752","0.000216105199992614","0.000189628513953684","0","5.795718441838e-05"
"128","2011","WGOA_B","2","3","0","1","4.5","119.5","646","0","0","0","0.115630203864112","0.255706087263013","0.106379761172722","0.0212326682382952","0.000543421914184999","0.000497179162348414","1.06783853241716e-05","0","0","0","0","0.110362382377457","0.292732168606212","0.082585135049615","0.0138009395051055","0.000115453606066678","0.000254900666170817","0.000149020189373631","0"
"129","2012","WGOA_A","1","3","0","1","4.5","119.5","233","0","0","0","0.0385484195864291","0.205081526885868","0.157652360659032","0.0847162199974752","0.00956597353320411","0.00307320877530534","0","0.00136229056268597","0","0","0.00471701192730783","0.0288790004312125","0.14216227202962","0.18453785115084","0.13189713657647","0.00639340931969716","6.75400512601245e-05","0","0.00134577851359225"
"130","2012","WGOA_B","2","3","0","1","4.5","119.5","196","0","0","0","0.027991631273465","0.355641078200349","0.0924852786649386","0.0222164747447983","0.000473548888898126","0.00067212429923136","0.000519863928319598","0","0","0","3.24641140903771e-05","0.0473436545805816","0.36739582417108","0.0741763504657812","0.01060178013167","0.000246780970563629","0.000115054292344557","0","8.80912738886814e-05"
"131","2013","WGOA_A","1","3","0","1","4.5","119.5","291","0","0","0","0.00227692424898524","0.00936083369980699","0.356030987347518","0.071345391357787","0.0347376916209809","0.00895762083923661","0","0.0172905508856855","0","0","0","0.00880896086852311","0.0152878686791911","0.36088443997983","0.0821025902401211","0.0140264061057359","0.00944004814227205","0","0.0094496859843269"
"132","2013","WGOA_B","2","3","0","1","4.5","119.5","232","0","0","0","0.0407048377425539","0.104563485310878","0.329557492829537","0.0228130273311594","0.000357172535692037","0.00167449862290427","0","0.000329485627276248","0","0","0","0.0299500299503909","0.130506751535197","0.317160218191056","0.0220608620142904","0.000193307910870112","0.000116103136657163","0","1.27272615386723e-05"
"133","2014","WGOA_A","1","3","0","1","4.5","119.5","347","0","0","5.26588381230979e-06","0.00636567544791502","0.101603539914877","0.0279714533507982","0.357122783668921","0.000503186213814455","0.00444266288631827","0.00180367564691619","0.000181756986628204","0","0","4.25752147605089e-06","0.0026020352867206","0.117039733242797","0.0558332787442887","0.324229777107713","0.000227917344920178","6.30007520844169e-05","0","0"
"134","2014","WGOA_B","2","3","0","1","4.5","119.5","353","0","0","0.000493868880457114","0.105775848988991","0.281305865573141","0.00269098301199626","0.108951346175716","0","7.53240668609069e-05","0.000133486818346439","0.000573276484491039","0","0","0.000600097229763065","0.109372122156069","0.329413838462588","0.00340649905272334","0.0572074430988562","0","0","0","0"
"135","2015","WGOA_A","1","3","0","1","4.5","119.5","553","0","0","0","0.0518162511036757","0.146287991322696","0.256937702400559","0.0378348550713746","0.00216213234521147","0.00307029816410802","0","0.00189076959237491","0","0","0","0.0352651568043178","0.147977229682073","0.276740826702319","0.0341717422325111","0.00410865617409931","0.00173638840468002","0","0"
"136","2015","WGOA_B","2","3","0","1","4.5","119.5","310","0","0","0","0.26592711754642","0.100593443007969","0.0935861944969705","0.0388986425397863","0.000768604732308217","0.000225997676545998","0","0","0","0","3.32652409428194e-05","0.310266335076061","0.107735856043088","0.0693563669014954","0.0123260505504388","6.95828704852657e-05","0.000212543317488721","0","0"
"137","2016","WGOA_A","1","3","0","1","4.5","119.5","288","0","0","0","0.0112790073285723","0.207791361492972","0.197182472907434","0.0791722709750158","0.000913251913004659","0.00347100740628847","0","0.000190627976712767","0","0","0","0.0096675080140672","0.203532860942418","0.224736060819341","0.057928127681585","0.000185381833272475","0.0039500607093166","0","0"
"138","2016","WGOA_B","2","3","0","1","4.5","119.5","257","0","0","0.000487352418482427","0.107291526255814","0.185805558497966","0.084891103734468","0.113957420884966","0.00462858870488474","0.00173092735254233","6.89874480877532e-05","0.00113853470278851","0","0","0","0.129648754056684","0.179539890220425","0.104240615379569","0.086452067979489","0.000107321481597108","1.13508822352216e-05","0","0"
"139","2017","WGOA_A","1","3","0","1","4.5","119.5","329","0","0","0","0.00799209303180953","0.11746603045233","0.146214584961808","0.221149151225596","0.00292387762125581","0.00263990390680901","0.000933779432389518","0.000680579368002365","0","0","0","0.0141015455766582","0.16856276484024","0.208571516726856","0.108109404385055","0.000133158651678002","0.000521609819512652","0","0"
"140","2017","WGOA_B","2","3","0","1","4.5","119.5","243","0","0","0","0.026376523606418","0.231701147592386","0.115998651510502","0.111212327906233","0.00920283647622162","0.00529752483561773","0.00021098807262222","0","0","0","0","0.0206979755639412","0.192321770459958","0.205358282006997","0.0798428427401939","0.00163069828560072","0.000148430943309517","0","0"
"141","2018","WGOA_A","1","3","0","1","4.5","119.5","96","0","0","0","0.0108660387222888","0.100375140434077","0.18918556368927","0.165859432359621","0.0219312062531229","0.00905603783125988","0","0.00272658071036023","0","0","0","0.00272337575785884","0.16826083243575","0.203188740669654","0.114220702663443","0.00388536767129718","0.00724919847401347","0","0.000471782327983254"
"142","2018","WGOA_B","2","3","0","1","4.5","119.5","48","0","0","0","0.0213014423103366","0.153421951788904","0.196913641780587","0.103185638922639","0.00916700561141749","0.0126317366367505","0.00337858294936605","0","0","0","0","0.0528235492384812","0.276724338044888","0.115384445075421","0.0523887919454962","0.00230882060278069","0.00037005509293321","0","0"
"143","2019","WGOA_A","1","3","0","1","4.5","119.5","69","0","0","0.000289512117284732","0.0273168664053919","0.120962606093668","0.195951191989263","0.137821267792789","0.0089838637528009","0.00443033854056341","0","0.00424435330823925","0","0","0","0.0415323413023731","0.166646084414403","0.224861710466914","0.0662982648299204","0.000661598986389731","0","0","0"
"144","2019","WGOA_B","2","3","0","1","4.5","119.5","22","0","0","0","0.12074842066792","0.146233055051298","0.159160583170494","0.0635407967104963","0.00691892952644456","0.00339821487334813","0","0","0","0","0","0.157939439074431","0.226542584135489","0.0829466689288144","0.0315814342073616","0.000989873653903614","0","0","0"
"145","2020","WGOA_A","1","3","0","1","4.5","119.5",NA,"0","NaN","NaN","NaN","NaN","NaN","NaN","NaN","NaN","NaN","NaN","0","NaN","NaN","NaN","NaN","NaN","NaN","NaN","NaN","NaN","NaN"
"146","2020","WGOA_B","2","3","0","1","4.5","119.5","16","0","0","0","0.0740077275187382","0.105290998451956","0.127193885929684","0.188375680611978","0.00350086095104214","0.00163084653660122","0","0","0","0","0","0.0759300549808257","0.23845545158194","0.116050618414668","0.0677139474426979","0.001849927579869","0","0","0"
"147","2021","WGOA_A","1","3","0","1","4.5","119.5","31","0","0","0","0.11428451886696","0.0613683719716923","0.0932996071575284","0.18802830016279","0.0167018565195159","0.0194978771048016","0","0.00681946821671177","0","0","0","0.0929586732239908","0.102231638974808","0.1606777796904","0.139963489774497","0.00149312104226842","0.00267529729403501","0","0"
"148","2021","WGOA_B","2","3","0","1","4.5","119.5","109","0","0","0.000752603430256534","0.256703854152464","0.153148975008441","0.037441679913572","0.0449744488207285","0.00503481719761414","0.00125561308797494","0.000688008388949903","0","0","0","0.000191338247892175","0.295165945791109","0.151961989517062","0.0226693205952548","0.0254054335882246","0.00159292799162207","0.00301304426883538","0","0"
"149","2022","WGOA_A","1","3","0","1","4.5","119.5","64","0","0","0.00172894335520935","0.0631391911880176","0.167648126594234","0.102120057687671","0.107246223152546","0.0327468315327172","0.0164559951441276","0","0.00891463134547745","0","0","0.000247802741751322","0.0449243986899962","0.157116191440381","0.145094278636433","0.118256100459323","0.016348670004028","0.0129786229773158","0","0.00503393505077179"
"150","2022","WGOA_B","2","3","0","1","4.5","119.5","60","0","0","0.00294911852010839","0.0636417107747819","0.279831757199038","0.119335992746867","0.0342414207592048","0","0","0","0","0","0","0.00326402227317587","0.140899224224152","0.261181556207866","0.0714789343051442","0.0231762629896624","0","0","0","0"
"151","2023","WGOA_A","1","3","0","1","4.5","119.5","61","0","0","0.00978886317648263","0.0746795244375143","0.167907769800753","0.112002144740499","0.0946700699469572","0.0209138811872207","0.018904316681485","0","0.00113343002908833","0","0","0.00803762292557909","0.0548910137250776","0.253433320286727","0.130147934186644","0.0487746103230602","0.00426749659917665","0.000448001953735254","0","0"
"152","2023","WGOA_B","2","3","0","1","4.5","119.5","131","0","0","0.00149263829538083","0.143129321513644","0.178570295446124","0.124760712661111","0.049465784331217","0.00240118510432843","0.000180062648194538","0","0","0","0","0.00195365139951207","0.149998773455342","0.203325278625997","0.115136626356585","0.029583214389019","2.45577354452191e-06","0","0","0"
"153","2024","WGOA_A","1","3","0","1","4.5","119.5","46","0","0","0","0.0460699093834892","0.1158653792709","0.111611475563139","0.168034341327963","0.0120799176072498","0.043946351796307","0","0.0023926250509514","0","0","0","0.0615465479540745","0.164061717786762","0.177441452542222","0.0963861429212392","0.000351771400795961","0.000212367394905626","0","0"
"154","2024","WGOA_B","2","3","0","1","4.5","119.5","50","0","0","0","0.0818573581029869","0.187434920291757","0.107953590135492","0.113091480868348","0.0038960569500714","0.00243595919893528","0","0.00333063445241013","0","0","2.44883391353239e-05","0.0867075199393336","0.229340932570006","0.11339758231816","0.0687558139453715","0.0012687513867818","0.00050491150121198","0","0"
"155","2025","WGOA_A","1","3","0","1","4.5","119.5","27","0","0","0","0.0700471031180445","0.15687400537961","0.154266287239381","0.0915294345963708","0.0175831958853604","0.00969997378123278","0","0","0","0","0","0.0706034582175401","0.232096383584021","0.125638764326508","0.0708189311156509","0","0.000842462756280433","0","0"
"156","2025","WGOA_B","2","3","0","1","4.5","119.5","59","0","0","0","0.0360879109480153","0.301183465601481","0.117446777832434","0.0373238274549364","0.00357646172183047","0.00438155644130277","0","0","0","0","0","0.0461856953357343","0.291191009530959","0.124767628284007","0.0367446402714908","0.00111102657780899","0","0","0"
