"","V1","V2","V3","V4","V5","V6","V7","V8","V9","V10","V11","V12","V13","V14","V15","V16","V17","V18","V19","V20","V21","V22","V23","V24","V25","V26"
"1",2000,1,1,0,0,9939,0,0.000245575326964486,0.0246826737052826,0.172348986585604,0.184004740543178,0.0725982957851442,0.0280252793899238,0.0117168538854266,0.00507945318359307,0.00129814159488403,0,0.00025467870086193,0.0350081190876816,0.159747853447296,0.212291763981603,0.066703871050931,0.0184009866552599,0.00515911085302816,0.00187614501616542,0.000557471207172977
"2",2001,1,1,0,0,10561,0,0.000201954374582197,0.0200761042462094,0.0934957229490359,0.23603486113718,0.107780492346302,0.0272667514136327,0.00873209248883543,0.00506959175515459,0.0013424292890686,4.44815073211367e-06,0.000721500566815459,0.0193065487023205,0.108065101387115,0.266144209109112,0.0812876587744586,0.0174493136132635,0.004824853797815,0.00184358229168571,0.000352783606681819
"3",2002,1,1,0,0,11585,0,0.000352261075112427,0.0477588700653414,0.123507129755868,0.205265050051978,0.0956236052169865,0.0197897974529895,0.00474147157603218,0.00219646024869645,0.000765354556995412,1.39479386911511e-06,0.000374786807309612,0.0564528061776769,0.136618511280999,0.228941560097343,0.063562826428446,0.0100745183077197,0.00282925896348596,0.000762330619448894,0.000382006523701915
"4",2003,1,1,0,0,14456,7.20467030922431e-06,9.87280634035152e-05,0.0223407062420188,0.139778431351097,0.193353865816916,0.0988631621532996,0.0343429269835586,0.00790589371088973,0.00265327709124868,0.000655803917259044,1.04712917965815e-06,6.30055593242259e-05,0.0244453026581365,0.15487295753616,0.220238812001374,0.079777410015882,0.0166073158991703,0.00306432655410208,0.000730415229014459,0.000199407417656251
"5",2004,1,1,0,0,12125,0,0.000197974917123572,0.0257423024146386,0.122670028166984,0.235509610231307,0.0757103607866679,0.0273592096274645,0.00857102962345579,0.00350309450157103,0.000736389730787505,0,0.00027953818008197,0.0271477442415606,0.146791627508035,0.249379754902264,0.0575334527951821,0.0142875846652055,0.00302714868198982,0.00122536979756876,0.000327779228112086
"6",2005,1,1,0,0,11609,2.40628368640693e-06,0.000256883664754786,0.0203654058301883,0.0835011608046159,0.193291366798471,0.13730938718566,0.0423950792616491,0.0145245079816328,0.0069632000635529,0.00139060212578865,0,0.000193725320744846,0.0191953469985477,0.0966776834489054,0.244982976392345,0.104940909604592,0.0248186522029608,0.00703178383635695,0.00200270274624245,0.00015621944930451
"7",2006,1,1,0,0,9060,1.5872414253882e-05,5.03549810821775e-05,0.0212087053713005,0.0983434765757274,0.169660467258324,0.120823381671034,0.0609113581148093,0.0186580380509641,0.00814426284821716,0.00218408271428797,0,0.000129021209831734,0.0220393421003818,0.11949683793852,0.210207125843033,0.102726398293687,0.0337160923855429,0.00872697398667423,0.00250503981846571,0.000453168423863706
"8",2007,1,1,0,0,7106,0,0.00992136377230053,0.0231060753228577,0.0994251936683834,0.240184945634419,0.0426170285015796,0.0740002423856618,0.00643763297727938,0.00312135286001823,0.00118616487750014,0,0.0106715656452421,0.0220592106787215,0.118328533585668,0.256965112426121,0.0386175191796039,0.0496317738427105,0.00267026588772785,0.000614827061830437,0.000441191692375051
"9",2008,1,1,0,0,8405,1.00404614049345e-05,0.031216890231238,0.0827670525343207,0.0769677303189491,0.120591922401881,0.148949679259584,0.00848661261759476,0.0206643412718046,0.00814534417434072,0.00220038672888204,0,0.0270095520980632,0.0853206286142519,0.0787016061759544,0.146672629169825,0.14026896544468,0.0054280016868939,0.0124797343575401,0.00315549466896806,0.000963387783823118
"10",2009,1,1,0,0,7462,0,0.000317951270003985,0.273041103098483,0.0567992415799589,0.0683325197809601,0.045051812439789,0.0484966644231766,0.00240424405906728,0.00297926801529759,0.00257719533326375,0,0.000112999651679963,0.272072310983449,0.0588976920685664,0.0782773626347006,0.0484897122316662,0.0383915266923842,0.00138065297016271,0.00129500209681988,0.00108274067057161
"11",2010,1,1,0,0,6643,0,0.00725761008176783,0.0739963149324183,0.269580034473821,0.083307181241334,0.0413388819345195,0.0113141315175115,0.0095877357054833,0.0026744819257542,0.00094362818739088,0,0.0103973055005608,0.0861434033430829,0.27270961888706,0.0809005236155398,0.0361411688060491,0.00807150057311352,0.0042078537290892,0.00128601762610102,0.000142607919403332
"12",2011,1,1,0,0,8712,0,0.00229214260051155,0.131653702482853,0.115807708747413,0.21468932222417,0.0207840836246639,0.00954288651519623,0.001986345733908,0.00259870520445236,0.00064510286683177,0,0.00301146349549322,0.135923004798338,0.12234027905925,0.217559582200936,0.0129623409397463,0.00656855910808215,0.000612471062140548,0.000849304653730844,0.000172994682283006
"13",2012,1,1,0,0,9332,0,0.0104148675817819,0.00565327898931645,0.275220354536478,0.104354126626272,0.0950350590193414,0.00536113885193814,0.00249680586155835,0.000835651538182034,0.000628716995131112,0,0.0121711413846863,0.0132393695724186,0.290619762099306,0.106875633407923,0.0728812272621354,0.00235789022573361,0.00130863499760531,0.000290666682019139,0.000255674368172701
"14",2013,1,1,0,0,11075,0,0.00585502094893561,0.113768376024872,0.0283760184719278,0.308339938677446,0.0362129765998502,0.00598372633715596,0.000773121949824626,0.000335319351877586,0.00035550163811077,0,0.00489749426550423,0.122586248174808,0.029859436909165,0.316877907423364,0.0228828632449764,0.0024318697258404,0.000320669495446118,4.34388465670602e-05,0.000100071914329128
"15",2014,1,1,0,0,12122,0,0.000515482295348522,0.121854986747397,0.169629733830607,0.0555032859903883,0.145915496875377,0.00456774505779087,0.00156173889407433,0.000362377714330162,8.91525946861849e-05,0,0.000483096785421942,0.131649782069388,0.187087809668221,0.0546256473436848,0.123992665141478,0.00170929839075856,0.000391077783720354,5.3912505641007e-05,6.71031168537657e-06
"16",2015,1,1,0,0,11185,0,0.000326160565695672,0.0268841292637771,0.241753620017676,0.191192196542234,0.0197351947753187,0.0184582250167255,0.00103974844880668,0.000499675703366493,0.00011104966639982,0,0.000574651918103957,0.0283319505750906,0.260843411644567,0.18937898154181,0.0135414707020724,0.00703233970986508,0.000166946489317274,9.21298341054718e-05,3.81175850692074e-05
"17",2016,1,1,0,0,9489,0,7.80984705632992e-05,0.0417369178409957,0.0995250825878208,0.287639349605431,0.0605186171506651,0.00507365904577835,0.00499224897079361,0.000373121061717352,6.29052662350586e-05,0,0.000142843227478019,0.0483143051576445,0.11631699413855,0.29664136228212,0.0358485956190675,0.00160016530277861,0.00110868889288358,1.56209517546411e-05,1.14244277233717e-05
"18",2017,1,1,0,0,8306,0,0.000318121606311862,0.0108339461961122,0.217665389434802,0.180794199477474,0.080708815623372,0.00856845479823706,0.000273206459642792,0.000800282492211506,3.75839118362067e-05,1.12309883793573e-05,0.00026461488682226,0.0154646695066387,0.255851998493315,0.171424526103383,0.0536625006281181,0.00311390891096247,3.22330920582222e-05,0.000171931426476623,2.38596384596176e-06
"19",2018,1,1,0,0,6374,0,0.000274999936197489,0.0244885074083024,0.0867498840914047,0.32086268448644,0.0580241249369853,0.00774837643509764,0.00156182913329431,0.000268555366005429,2.10382062725921e-05,0,0.00031440886388562,0.0363351226448985,0.123995648587396,0.308184122673424,0.0291790458650062,0.00161899844025412,0.00032198055244456,5.06723726911301e-05,0
"20",2019,1,1,0,0,4587,0,0.00405143481965353,0.0210180158849439,0.117567088023078,0.259766991809224,0.0790211532090517,0.0152298156970593,0.00279580812459884,0.000503440913727896,4.62515186627143e-05,1.09493025539047e-05,0.00209808418762108,0.0333666648683081,0.166986123733626,0.256590518019943,0.0364141447956436,0.00380235829295587,0.000713671401129211,7.79181340037028e-06,9.69358481925743e-06
"21",2020,1,1,0,0,3500,0,0.00481792657620181,0.0480980428359841,0.0453771139676857,0.173079540746978,0.0603223209880055,0.106631313762069,0.0571273702837112,0.00312868643486211,0.00141768440450306,0,0.00313093322691444,0.0598121891290793,0.054691927388827,0.207700458443179,0.0556547486792614,0.091753998894998,0.0261648497026647,0.000630535763192467,0.00046035877188401
"22",2021,1,1,0,0,2888,0,0.00128808187772223,0.0645937643339756,0.0770617286961107,0.142798238856929,0.105987028698827,0.0481559318984626,0.0527771080118634,0.006869989696279,0.000468127929829619,0,0.00128866693983586,0.0676605642661006,0.0994666377528097,0.180516691271996,0.0903287295177279,0.0327427555221768,0.0257084050699691,0.00217390210338295,0.000113647556001261
"23",2022,1,1,0,0,3854,5.53401834373501e-06,0.00500794844818094,0.0418276549440457,0.252041261223986,0.0644233415462677,0.0717893602941588,0.0452143340639537,0.00729132978432938,0.0119086129755742,0.000490622701160485,0,0.00359136942540734,0.0487635498558043,0.264335496073542,0.0864659271818982,0.070312939822942,0.0223642834823323,0.00162250823182461,0.00249654746880574,4.73784574436242e-05
"24",2023,1,1,0,0,3786,0,0.00476945620383031,0.0781556345853515,0.148725462965212,0.190495514445396,0.030244521170049,0.0159250092029849,0.017200640598737,0.0141778323237383,0.000305928504701133,0,0.00288653472080989,0.0818379909627432,0.176825705942076,0.186103761134259,0.0295756169336574,0.0090267670758477,0.00835212848544796,0.00527355773905653,0.000117937006102998
"25",2024,1,1,0,0,4510,8.40237528970313e-06,0.00405242382186601,0.0988755787862212,0.180326921493631,0.141997468610288,0.0507206512401712,0.0134738270649404,0.00996910823142726,0.000515191708518367,6.04266676465805e-05,0,0.00391769231897744,0.105921334373321,0.215505258823461,0.132504733413386,0.0361954678293383,0.00433272349424537,0.00156876654303285,4.69475868091957e-05,7.07561742985933e-06
"26",2025,1,1,0,0,4539,0,0.00033957241648076,0.023722470163673,0.146234090781704,0.192876986914315,0.084505860097911,0.0302071135328614,0.0137604127593873,0.00725257070795678,0.00110092262571088,0,0.000166882799159734,0.025087076228582,0.177553253797738,0.204156792364756,0.0697465181281248,0.0163573933506228,0.00508228526212373,0.0017416453088473,0.000108152760044831
