"","V1","V2","V3","V4","V5","V6","V7","V8","V9","V10","V11","V12","V13","V14","V15","V16","V17","V18","V19","V20","V21","V22","V23","V24","V25","V26","V27","V28","V29","V30"
"1",1991,1,1,0,0,5267,0,1.45134086907783e-05,3.98816145302842e-05,0.000100663612955308,0.00140731271766559,0.00609481687318416,0.00710413059949984,0.017855715437613,0.0647768853213869,0.0753979264699994,0.0798726357362845,0.105195801326131,0.144978756956023,0.15781557775793,0.13049940063054,0.0936427884317447,0.0552417314111086,0.0335739465762478,0.0167018316476187,0.00667119172026444,0.0024756876739634,0.000512242874638961,2.11803906947055e-05,5.38081128504094e-06
"2",1992,1,1,0,0,5195,0,2.28188964928637e-05,4.80643073165638e-05,0.000211549409588931,0.00152264452387314,0.00772024424664187,0.0589429171602841,0.0812316833659181,0.0900861936155517,0.099747591388099,0.0910163373012009,0.102148719165551,0.122729069305863,0.108626953597373,0.0867814557117737,0.0633275222567387,0.0403980841757486,0.0232750091198812,0.0132172908817523,0.00647493229543495,0.00210884972864856,0.000336206905742723,2.4010852705178e-05,1.85178781951546e-06
"3",1993,1,1,0,0,3080,1.09259514210064e-06,0,0.0011288458282599,0.000714789010762669,0.00276165055294995,0.00900749073445243,0.0249687635178721,0.0604179104488935,0.117846701936697,0.15739706451099,0.163075113147387,0.140168126440743,0.0926057622090202,0.0701724971025467,0.05641849992399,0.0380540869999691,0.0307537276268328,0.0156854273985742,0.00865517900487622,0.00845336083389318,0.000563711733455022,0.00111368161120959,3.29653047786545e-05,3.55152670444423e-06
"4",1994,1,1,0,0,4839,0,2.70084720390209e-07,7.08324638755967e-06,7.43694163981461e-05,0.00221424858918001,0.00959793901753679,0.0128836304005428,0.0372400392777091,0.114096920333556,0.115694604623123,0.150038471773878,0.172150661984775,0.156865184437496,0.0985636826574931,0.0535665004250351,0.0340184602963631,0.0197804549358766,0.0124946405827013,0.0060430310140301,0.00317272498498612,0.00110090491306805,0.000285548073807491,6.94805039560744e-05,4.11484273800732e-05
"5",1995,1,1,0,0,5258,0,0,0.000110364057616022,0.000284113539707453,0.0022274460104201,0.0070649160647807,0.0185720788467125,0.0986144573317265,0.112265288601375,0.102340834428764,0.136705839240294,0.157417242337201,0.148354709740404,0.10163825066111,0.0544166613138586,0.0279508804977608,0.0152640014852043,0.00920397354724367,0.00455236568463932,0.00208270320179186,0.000716670325178204,0.0001633374951349,2.93743707723895e-05,2.44912183050987e-05
"6",1996,1,1,0,0,6797,1.61282017681694e-06,1.36154778395404e-05,4.74600839915953e-05,5.70787356816537e-05,0.00100470447972363,0.00476771555192481,0.0059451302188593,0.0190061408768037,0.0664803785178786,0.131458968465102,0.157613251854848,0.156724244494769,0.146946356137041,0.118446904623913,0.082530601692694,0.0494599316219513,0.0290047218209023,0.0162429083811913,0.00882755165041654,0.00386883880720395,0.00118441758262583,0.000284423914819384,3.76797711181177e-05,4.53624185254926e-05
"7",1997,1,1,0,0,7216,3.60421644421722e-05,1.309431764357e-05,0.00121894692526174,0.0016036905059745,0.00211454647374074,0.00916948416276269,0.0149106964647454,0.0191988817328392,0.0546183453194373,0.0837430956680936,0.133887443489171,0.188138025624553,0.183791838257007,0.135204101313562,0.0837555181801506,0.0418924730011068,0.0246220006356761,0.0126372533271213,0.00558306233412365,0.00269293388526162,0.000838937621072475,0.000256677101707885,6.66182525259501e-05,6.29324201949771e-06
"8",1998,1,1,0,0,6898,2.80340014096805e-07,2.21093751511726e-06,3.03635804971598e-05,5.27952520100329e-05,0.0023176856571003,0.00613650913169521,0.00757790533578827,0.0249252682323474,0.0588262008957022,0.0865618938605045,0.123915481318128,0.163619739494111,0.183745304973144,0.152020635882411,0.0924695558150861,0.0486978997840698,0.0241856917568057,0.0131698941992082,0.00683950239392489,0.00340213975638389,0.000811965715399868,0.000645043351836068,3.02453627481976e-05,1.57869735676252e-05
"9",1999,1,1,0,0,9171,5.13998935442369e-05,5.41340140288262e-05,6.22045409411515e-05,0.000167561734627328,0.00142973451043515,0.00881672209163757,0.0107725299191381,0.0622535318086105,0.10845680865247,0.110530830125039,0.11959552660534,0.132934211756083,0.139369221846884,0.124438665085861,0.0844998441973077,0.0505382771895679,0.024774614049799,0.0122602362603298,0.00511848999863653,0.00250880966142865,0.000980667132801115,0.000278471400419327,4.6486966202031e-05,6.10205588678338e-05
"10",2000,1,1,0,0,9965,2.88102844176379e-05,3.47412516964004e-05,0.00060206006325015,3.21867110330723e-05,0.00122428366591387,0.0046817877540136,0.0091862018654308,0.0386646684572901,0.0943395115767118,0.176754449937491,0.193106338776734,0.146187224622233,0.119985149043285,0.085450424384272,0.0565630582807831,0.0346035756401035,0.0190748119522136,0.0115376461904563,0.00486855782237285,0.00203294419644235,0.000650003686713439,0.000306507184034255,2.55760942537293e-05,5.94805588546424e-05
"11",2001,1,1,0,0,10580,1.95643913142719e-05,0,0.00020626486012638,0.000581946273187529,0.00166314123960789,0.00441769865831853,0.00873351253014834,0.0227161435107213,0.0586846041829591,0.112478040031242,0.168839170182031,0.204165525444558,0.179321043265944,0.114488382428599,0.0588781752139234,0.0314737608385113,0.016407578943875,0.00934440229417549,0.00453442787713956,0.00230232472335387,0.000567440658377842,0.000148591249330189,2.8261202554844e-05,0
"12",2002,1,1,0,0,11603,3.54463888868446e-05,6.47839228892345e-06,0.000100210353669989,0.000537609226897116,0.00245453724563462,0.0173652528374006,0.0280703751918122,0.0528757629823737,0.0851276565601651,0.116144143858334,0.147353360522668,0.173749656608156,0.162100109211584,0.111938719921873,0.0553052253780691,0.0254942478847379,0.0114124540275005,0.00559840016354007,0.00265376659360437,0.00110116181373248,0.000387615875162654,0.000136116486418838,4.23281406114053e-05,9.36433487830808e-06
"13",2003,1,1,0,0,14475,4.04402462546756e-05,1.22159247712143e-05,5.0483427598718e-05,8.47728519306952e-05,0.000228177893796422,0.00381771890644574,0.0122476453367684,0.0368126341267364,0.0844838728394643,0.134545269828399,0.156677114847014,0.158406393919546,0.149729660255787,0.120452589525366,0.0730825755423202,0.0392010866635596,0.0176211736151664,0.00771941206674005,0.00321185422433299,0.00115200162472976,0.000368078375181639,4.23190212994313e-05,1.04585672512834e-05,2.0503695399188e-06
"14",2004,1,1,0,0,12144,8.88462452979992e-06,2.28562693395774e-05,0.000150613257437049,0.000200013692345079,0.00145672493319979,0.0086647416380473,0.0142055028619191,0.0207049073633472,0.0596537263591368,0.119165110747601,0.173209234567315,0.197240207274871,0.162464410575289,0.106444410624601,0.0606512892663917,0.0366387030821698,0.0205422658940011,0.010400116297694,0.00525405205355493,0.00217318831531857,0.00053303748836174,0.000180863564654368,1.01784458627774e-05,2.49608030126598e-05
"15",2005,1,1,0,0,11639,1.9232468493081e-05,0,3.80370704687464e-05,0.000359854723385171,0.000507875458920075,0.00598806498428037,0.0137818002388733,0.0235394482937923,0.0559484030022415,0.0919882672676756,0.130508994820638,0.16830631916563,0.183103885035996,0.144529188863592,0.0832310545140633,0.0485472957555282,0.0260715917438068,0.0145116728098077,0.00630387742792668,0.00210092485307361,0.00050903919323872,7.85041175038269e-05,1.75262780850858e-05,9.14191297919613e-06
"16",2006,1,1,0,0,9075,3.84282161426696e-05,0,1.74023027283284e-05,9.23462888805763e-05,0.000288649978683658,0.00450469100736246,0.014360140587651,0.0217177260337605,0.0528861042846227,0.106157573044907,0.140611379865066,0.145598350155557,0.144141528024541,0.129783065381038,0.0959902047161901,0.067005998288695,0.0404790862437837,0.0209843225604351,0.0101127163499195,0.00367633585836016,0.00120185823428132,0.000286877020748954,6.0939889753375e-05,4.27566689129672e-06
"17",2007,1,1,0,0,7119,3.31578109980367e-05,4.59576740909265e-05,0.000332543055782726,0.000488156773557063,0.00238327325461198,0.0106250248622488,0.0268244877628056,0.0294444928329555,0.0539989304987275,0.0906546801000082,0.139854826090485,0.173922691954959,0.149400390868596,0.108142414676995,0.0759104634104408,0.0568579170249068,0.0383054698150775,0.0242689906429028,0.0121590175762996,0.00454882136012263,0.00150254387992039,0.000245556993649846,3.66817136106903e-05,1.35093662477555e-05
"18",2008,1,1,0,0,8429,0.000318472186041205,2.82645866090731e-06,0.000754251763397818,0.00120819355103112,0.0132047626245582,0.0266878290871233,0.0696653773164683,0.0574002821879851,0.0574461982343244,0.0908663156459186,0.132401990058282,0.144519503698292,0.145361418873151,0.108486497026338,0.0613090693832301,0.0346380946591412,0.0225932583971111,0.0170094849452601,0.0102863370362957,0.00453051188724563,0.00106665226485914,0.00019647116682956,1.29306179296445e-05,3.32709305261838e-05
"19",2009,1,1,0,0,7465,0,0,0.000100036741188874,5.4947760937165e-05,0.00105773949019845,0.0086623533831652,0.0193763389294467,0.0782510474532291,0.154469836567382,0.183310887109718,0.127315893143319,0.116776927556387,0.117875875930115,0.0930723799971381,0.0490011900715067,0.0241289289614098,0.0120416810642748,0.00722331116676404,0.00438881600862072,0.002115430296311,0.000617517892976051,0.000155768766398737,3.09170951392812e-06,0
"20",2010,1,1,0,0,6652,0,0,0,0.000163072412029818,0.019831954450563,0.0143138472105833,0.0341480352066373,0.0596809067440471,0.0757782798571291,0.140151614781823,0.184759690998084,0.182236269181898,0.132666280486045,0.0776317148819143,0.0417927933303504,0.0208660296181054,0.00874304703128502,0.0037834330633877,0.00188926351655714,0.00105890885095201,0.000317584070236787,0.000173053352208068,1.04190719853313e-05,3.80188417861876e-06
"21",2011,1,1,0,0,8739,3.61154189161997e-06,0,0,6.64939971002553e-05,0.00318558833186764,0.00538707275718498,0.0144653642394621,0.0635202002434461,0.153644307606499,0.147391809284436,0.130284971558098,0.17398578999802,0.157390228670282,0.085191374020433,0.0353892386700941,0.0171001971783526,0.00750567730755767,0.00320015913253509,0.0014643807563159,0.000579909361852093,0.000186666627186502,5.30743419085243e-05,0,3.88437547675009e-06
"22",2012,1,1,0,0,9342,0,0,0,3.73372033102423e-05,0.00232942794309326,0.00876819600402761,0.0259904834058785,0.034617840575204,0.0650107522880078,0.173310201633088,0.202183058576203,0.17505204589079,0.145089870044753,0.097194471580437,0.0428758138760373,0.0170082503704053,0.00652448113159482,0.00243410202912347,0.00101311857948092,0.000312427083521713,0.000233337735772825,1.47840492711234e-05,0,0
"23",2013,1,1,0,0,11094,2.48835503836714e-05,0,5.21960768118613e-05,0.000795093878946017,0.00591979755528836,0.0238882883401235,0.0285943690999517,0.0462992253458668,0.077940337958152,0.116532202563546,0.153697723789584,0.200394601771191,0.175862998605618,0.101052728297181,0.044273013688543,0.0160083476358984,0.005446612489416,0.00206571252331077,0.000702163311311872,0.000315111618407912,0.00011175874676144,1.70306405282321e-05,3.14435977149434e-06,2.65815340764819e-06
"24",2014,1,1,0,0,12129,0,1.25165176305131e-05,0.000286497240785128,5.43658465043487e-05,0.00171610004856015,0.0110047887722144,0.0160515495597534,0.0723186469739333,0.0947240153972912,0.116805007181847,0.140190493182258,0.165463778465694,0.158171760695863,0.124541080735462,0.0625965727141193,0.0240406337221269,0.00751440712256554,0.00289991321410165,0.00114469677796773,0.000360920807691902,8.16256539184577e-05,4.84506972246328e-06,3.48948389693975e-06,1.22948160925019e-05
"25",2015,1,1,0,0,11200,6.2401181927129e-06,1.3506914669919e-05,0,0.000251429461110577,0.000500679724544587,0.00697802929929237,0.0140358504872462,0.0206236653878655,0.0606380142474635,0.120072208095512,0.194151851839519,0.192484905238978,0.167130458266466,0.113858509312421,0.0613498389347587,0.0294585422525223,0.0127495957203041,0.00395145123408631,0.00119779398063403,0.000434157610509968,9.5546647378635e-05,5.59835864261343e-06,0,1.21268678816973e-05
"26",2016,1,1,0,0,9498,0,0,2.40662668027465e-05,5.10642466055632e-05,0.000124052275109183,0.00113903340498048,0.00514907783778697,0.0247859425131412,0.0739886895101931,0.10043462787846,0.144332221472709,0.200216266841474,0.205103670190293,0.131185657178836,0.0654908888815139,0.0292308955587398,0.0115182904441283,0.00481772746039088,0.00152278355161781,0.000737261283580951,0.000134008332961647,5.26713594338107e-06,8.5077347312402e-06,0
"27",2017,1,1,0,0,8317,1.19972299078327e-05,4.48542069353239e-06,1.88902505545758e-06,0.00029972093605064,4.0707767005143e-05,0.000111679723356165,0.00243337836665792,0.00670978905214484,0.029582138353055,0.11052811999197,0.189919082146476,0.19973369090296,0.17927188978793,0.141268904768148,0.0833868056156881,0.0350050532573094,0.0144834985688362,0.00467184400613819,0.00186121385519651,0.000462818862995062,0.000192633745328797,1.86586170985085e-05,0,0
"28",2018,1,1,0,0,6390,0,0,0,6.93725026943977e-05,0,0.000449080908702918,0.00400228405477865,0.0203624025933348,0.0290426338129182,0.0589354829845503,0.122600202279202,0.214902783855363,0.231932513504431,0.155242552281418,0.088037170252811,0.0452981977527726,0.0180991561850757,0.00689104118723554,0.00313752315239459,0.000840379599469949,0.000142043756058921,4.04022915166969e-06,1.11391076371747e-05,0
"29",2019,1,1,0,0,4605,1.07385554486613e-05,8.3869269200877e-07,3.38871127659968e-05,1.83514681358702e-05,9.24537159237518e-06,0.00421080918626359,0.00932810257391467,0.00665849911054787,0.0274266953004574,0.0624353112309484,0.103641934238813,0.15814724337366,0.200469857499487,0.199173292384767,0.12653984789566,0.0595154386431898,0.0245943205888154,0.0113263005438196,0.00454432399627376,0.00140020602728735,0.000344833721961114,0.000169922483499875,0,0
"30",2020,1,1,0,0,3526,0,0,0.00119190023914144,0.00401576122305501,0.0215201250915594,0.0200583472977147,0.0391300928983442,0.029982101029662,0.0280581168371713,0.0434211724209127,0.0917555767568668,0.142479230208549,0.152259663438973,0.140600287959687,0.123188780706891,0.0853143022912503,0.0443787959558366,0.0200919274604336,0.00788749541042132,0.0038419859730261,0.000460281194829338,0.000200636952284887,0,0.000163418653388851
"31",2021,1,1,0,0,2894,0,0,0,9.95393181063678e-05,0.00014862098630559,0.00150370263135282,0.00702700495318201,0.0251255984578551,0.0585440555178213,0.0777024808532004,0.0935511068763745,0.11639385074812,0.144597534097366,0.146109204733352,0.125732296746687,0.0980011250119787,0.0563034998546923,0.0276232828628384,0.0137948741399856,0.00495075248948176,0.00146715613689021,0.000879783090196669,0.000333397870659975,0.000111132623553325
"32",2022,1,1,0,0,3871,6.23497922916499e-06,0.000338500921817145,0.000251229682629793,6.31275648564537e-05,0.000170235585816087,0.00240634096944733,0.00522334118498304,0.0155275849785895,0.0477602004730092,0.122247715027855,0.15799422938516,0.154747423010122,0.118933484479675,0.0958136422340604,0.0965841806282355,0.0705623680007308,0.0527803857854451,0.0323954851834075,0.0185309219667167,0.00615518047609891,0.0014404897203912,6.76977617240433e-05,0,0
"33",2023,1,1,0,0,3796,0,0,0,0.000524866554882937,0.000214485916363453,0.00740845107533971,0.0207212513920926,0.0164629210405761,0.0503176607813657,0.0986234350066473,0.142208333121187,0.182227558540783,0.163427020750336,0.10772714650282,0.0662758848343182,0.048675404274918,0.0368061319964927,0.0331101175833792,0.0172123151081635,0.00632951327738021,0.00134933168680796,0.000273749558404299,4.08153568260664e-05,6.36056409155512e-05
"34",2024,1,1,0,0,4532,2.98798563026092e-05,5.25797675992029e-06,5.14158788681489e-05,0.00013017451252734,0.000406594291315114,0.00362424548529532,0.00599235309040261,0.0175933746179414,0.0670358517318058,0.108255110830957,0.150993553102126,0.176919463123082,0.157970863841839,0.125208465237549,0.0801631435532576,0.0423217657112722,0.0255158921250587,0.0183497911644716,0.011333614290071,0.00671035948303646,0.00122659030881219,0.000141952086727468,0,2.02877005211084e-05
"35",2025,1,1,0,0,4585,0,8.00365166583029e-06,6.08903041936552e-05,0,0.000500198056106444,0.00455989177861165,0.00350730800487629,0.0133474683208083,0.0530742900755576,0.121398053855684,0.171963769029792,0.16967567091494,0.152041743377539,0.116705982646189,0.078250232636246,0.0465800473591811,0.030037385408751,0.0197989577316666,0.0113308040437833,0.00568486464507127,0.000872940749891579,0.000595444775899683,6.05263354535613e-06,0
